,question,answer,contexts,ground_truth
0,Apakah pekerja berhak mendapatkan pelatihan?,"Setiap tenaga kerja berhak untuk memperoleh dan/atau meningkatkan dan/atau mengembangkan kompetensi kerja sesuai dengan bakat, minat, dan kemampuannya melalui pelatihan kerja.","['(1) Tenaga kerja berhak memperoleh pengakuan kompetensi kerja setelah mengikuti pelatihan kerja\nyang di selenggarakan lembaga pelatihan kerja pemerintah, lembaga pelatihan kerja swasta,\natau pelatihan di tempat kerja.\n(2) Pengakuan kompetensi kerja sebagaimana dimaksud dalam ayat (1) dilakukan melalui sertifikasi\nkompe tensi kerja.\n(3) Sertifikasi kompetensi kerja sebagaimana dimaksud dalam ayat (2) dapat pula diikuti oleh tenaga\nkerja yang telah berpengalaman.\n(4) Untuk melaksanakan sertifikasi kompetensi kerja dibentuk badan nasional sertifikasi profesi yang\ninde penden.\n(5) Pembentukan badan nasional sertifikasi profesi yang independen sebagaimana dimaksud dalam\nayat (4) diatur dengan Peraturan Pemerintah.\nPasal 19\nPelatihan kerja bagi tenaga kerja penyandang cacat dilaksanakan dengan memperhatikan jenis,\nderajat kecacatan, dan kemampuan tenaga kerja penyandang cacat yang bersangkutan.\nPasal 20\n(1) Untuk mendukung peningkatan pelatihan kerja dalam rangka pembangunan ketenagakerjaan,\ndikembang kan satu sistem pelatihan kerja nasional yang merupakan acuan pelaksanaan\npelatihan kerja di semua bidang dan/atau sektor.\n(2) Ketentuan mengenai bentuk, mekanisme, dan kelembagaan sistem pelatihan kerja nasional\nsebagaimana dimaksud dalam ayat (1) diatur dengan Peraturan Pemerintah.\nPasal 21\nPelatihan kerja dapat diselenggarakan dengan sistem pemagangan.\nPasal 22\n(1) Pemagangan dilaksanakan atas dasar perjanjian pemagangan antara peserta dengan pengusaha\nyang di buat secara tertulis.\n(2) Perjanjian pemagangan sebagaimana dimaksud dalam ayat (1), sekurang-kurangnya memuat\nketentuan hak dan kewajiban peserta dan pengusaha serta jangka waktu pemagangan.\n(3) Pemagangan yang diselenggarakan tidak melalui perjanjian pemagangan sebagaimana dimaksud\ndalam ayat (1), dianggap tidak sah dan status peserta berubah menjadi pekerja/buruh\nperusahaan yang bersangkutan.\nPasal 23\nTenaga kerja yang telah mengikuti program pemagangan berhak atas pengakuan kualifikasi\nkompetensi kerja dari perusahaan atau lembaga sertifikasi.\nPasal 24\nPemagangan dapat dilaksanakan di perusahaan sendiri atau di tempat penyelenggaraan\npelatihan kerja, atau perusahaan lain, baik di dalam maupun di luar wilayah Indonesia.\nPasal 25', 'BAB V\nPELATIHAN KERJA\nPasal 9\nPelatihan kerja diselenggarakan dan diarahkan untuk membekali, meningkatkan, dan\nmengembangkan kompetensi kerja guna meningkatkan kemampuan, produktivitas, dan\nkesejahteraan.\nPasal 10\n(1) Pelatihan kerja dilaksanakan dengan memperhatikan kebutuhan pasar kerja dan dunia usaha,\nbaik di da-lam maupun di luar hubungan kerja.\n(2) Pelatihan kerja diselenggarakan berdasarkan program pelatihan yang mengacu pada standar\nkompetensi kerja.\n(3) Pelatihan kerja dapat dilakukan secara berjenjang.\n(4) Ketentuan mengenai tata cara penetapan standar kompetensi kerja sebagaimana dimaksud dalam\nayat (2) diatur dengan Keputusan Menteri.\nPasal 11\nSetiap tenaga kerja berhak untuk memperoleh dan/atau meningkatkan dan/atau\nmengembangkan kompetensi kerja sesuai dengan bakat, minat, dan kemampuannya melalui\npelatihan kerja.\nPasal 12\n(1) Pengusaha bertanggung jawab atas peningkatan dan/atau pengembangan kompetensi\npekerjanya melalui pelatihan kerja.\n(2) Peningkatan dan/atau pengembangan kompetensi sebagaimana dimaksud dalam ayat (1)\ndiwajibkan bagi pengusaha yang memenuhi persyaratan yang diatur dengan Keputusan Menteri.\n(3) Setiap pekerja/buruh memiliki kesempatan yang sama untuk mengikuti pelatihan kerja sesuai\ndengan bi-dang tugasnya.\nPasal 13\n(1) Pelatihan kerja diselenggarakan oleh lembaga pelatihan kerja pemerintah dan/atau lembaga\npelatihan kerja swasta.\n(2) Pelatihan kerja dapat diselenggarakan di tempat pelatihan atau tempat kerja.\n(3) Lembaga pelatihan kerja pemerintah sebagaimana dimaksud dalam ayat (1) dalam\nmenyelenggarakan pe-latihan kerja dapat bekerja sama dengan swasta.\nPasal 14\n(1) Lembaga pelatihan kerja swasta dapat berbentuk badan hukum Indonesia atau perorangan.']","Setiap tenaga kerja berhak untuk mengembangkan kompetensi kerja sesuai dengan bakat, minat, dan kemampuannya melalui pelatihan kerja. Pengusaha juga memiliki tanggung jawab atas pengembangan kompetensi tenaga kerjanya."
1,"Dalam pekerjaan dengan waktu tertentu, apabila pemberi kerja memutuskan hubungan kerja sebelum habisnya jangka waktu yang ditetapkan, apa kewajiban yang harus dipenuhi?",Pihak yang mengakhiri hubungan kerja sebelum berakhirnya jangka waktu yang ditetapkan dalam perjanjian kerja waktu tertentu diwajibkan membayar ganti rugi kepada pihak lainnya sebesar upah pekerja/buruh sampai batas waktu berakhirnya jangka waktu perjanjian kerja.,"['(5) Pengusaha yang bermaksud memperpanjang perjanjian kerja waktu tertentu tersebut, paling lama\n7 (tujuh) hari sebelum perjanjian kerja waktu tertentu berakhir telah memberitahukan maksudnya\nsecara tertulis kepada pekerja/buruh yang bersangkutan.\n(6) Pembaruan perjanjian kerja waktu tertentu hanya dapat diadakan setelah melebihi masa tenggang\nwaktu 30 (tiga puluh) hari berakhirnya perjanjian kerja waktu tertentu yang lama, pembaruan\nperjanjian kerja waktu tertentu ini hanya boleh dilakukan 1 (satu) kali dan paling lama 2 (dua)\ntahun.\n(7) Perjanjian kerja untuk waktu tertentu yang tidak memenuhi ketentuan sebagaimana dimaksud\ndalam ayat (1), ayat (2), ayat (4), ayat (5), dan ayat (6) maka demi hukum menjadi perjanjian\nkerja waktu tidak tertentu.\n(8) Hal-hal lain yang belum diatur dalam Pasal ini akan diatur lebih lanjut dengan Keputusan Menteri.\nPasal 60\n(1) Perjanjian kerja untuk waktu tidak tertentu dapat mensyaratkan masa percobaan kerja paling lama\n3 (tiga) bulan.\n(2) Dalam masa percobaan kerja sebagaimana dimaksud dalam ayat (1), pengusaha dilarang\nmembayar upah di bawah upah minimum yang berlaku.\nPasal 61\n(1) Perjanjian kerja berakhir apabila :\na. pekerja meninggal dunia;\nb. berakhirnya jangka waktu perjanjian kerja;\nc. adanya putusan pengadilan dan/atau putusan atau penetapan lembaga penyelesaian\nperselisihan hubungan industrial yang telah mempunyai kekuatan hukum tetap; atau\nd. adanya keadaan atau kejadian tertentu yang dicantumkan dalam perjanjian kerja,\nperaturan perusahaan, atau perjanjian kerja bersama yang dapat menyebabkan berakhirnya\nhubungan kerja.\n(2) Perjanjian kerja tidak berakhir karena meninggalnya pengusaha atau beralihnya hak atas\nperusahaan yang disebabkan penjualan, pewarisan, atau hibah.\n(3) Dalam hal terjadi pengalihan perusahaan maka hak-hak pekerja/buruh menjadi tanggung jawab\npengusaha baru, kecuali ditentukan lain dalam perjanjian pengalihan yang tidak mengurangi hak-\nhak pekerja/buruh.\n(4) Dalam hal pengusaha, orang perseorangan, meninggal dunia, ahli waris pengusaha dapat\nmengakhiri per-janjian kerja setelah merundingkan dengan pekerja/buruh.\n(5) Dalam hal pekerja/buruh meninggal dunia, ahli waris pekerja/ buruh berhak mendapatkan hak\nhaknya se-suai dengan peraturan perundang-undangan yang berlaku atau hak hak yang telah\ndiatur dalam perjanjian kerja, peraturan perusahaan, atau perjanjian kerja bersama.\nPasal 62\nApabila salah satu pihak mengakhiri hubungan kerja sebelum berakhirnya jangka waktu yang\nditetapkan dalam perjanjian kerja waktu tertentu, atau berakhirnya hubungan kerja bukan karena\nketentuan sebagaimana dimaksud dalam Pasal 61 ayat (1), pihak yang mengakhiri hubungan\nkerja diwajibkan membayar ganti rugi kepada pihak lainnya sebesar upah pekerja/buruh sampai\nbatas waktu berakhirnya jangka waktu perjanjian kerja.\nPasal 63', 'b). untuk 2 orang tanggungan: 35% dari upah,\nc).  untuk 3 orang tanggungan: 45% dariupah,\nd).  untuk 4 orang tanggungan atau lebih: 50% dari upah.\nPengusaha dapat melakukan pemutusan hubungan kerja dengan\nseorang pekerja apabila pihak yang berwajib menahan pekerjatersebut lebih dari 6 bulan sejak pekerja bersangkutan tidak dapatmasuk kerja. Apabila pekerja tersebut dinyatakan tidak bersalahdalam tindakan kejahatan itu, pengusaha diwajibkan untukmempekerjakan pekerja tersebut. Terlepas dari lamanya prosespengadilan, hubungan kerja dapat diputuskan oleh pengusahaapabila pekerja yang bersangkutan dinyatakan bersalah olehpengadilan bahwa pekerja tersebut telah melakukan tindakankejahatan. Pemutusan hubungan kerja atas dasar ketidak mampuanuntuk melaksanakan pekerjaan atau hukuman karena terbukti telahmelakukan tindakan kejahatan yang diputuskan oleh pengadilankepada pekerja tersebut tidak perlu mendapat penetapan dari PPHI.Pengusaha diwajibkan untuk membayar uang jasa dan ganti rugiatas hak kepada pekerja yang telah diputuskan hubungan kerjanyaitu (Pasal 160 ).\niv. Pelanggaran terhadap Perjanjian Kerja, Peraturan Preusan atau\nPerjanjian Kerja Bersama\nPemutusan hubungan kerja yang dilakukan oleh pengusaha dianggap\nsah apabila pekerja melanggar ketentuan-ketentuan dalam perjanjiankerja individu, peraturan perusahaan, atau perjanjian kerja bersamasetelah peringatan-peringatan tertulis pertama, kedua dan ketigasecara berturut-turut telah diberikan yang berlaku untuk jangkawaktu 6 enam bulan masing-masing peringatan. Untuk pemutusanhubungan kerja atas dasar ini, perusahaan diwajibkan untukmembayar uang jasa dan hak ganti rugi ( Pasal 161 ).\nDalam hal seorang pekerja mengundurkan diri secara sukarela, dia\nhanya berhak atas penggantian hak. Untuk pekerja yang tidakmewakili secara langsung kepentingan perusahaan, dia juga berhakatas uang pisah yang besarnya diatur dalam perjanjian kerja,peraturan perusahaan atau perjanjian kerja bersama.\n38']","Apabila pemutusan hubungan kerja dilakukan selain karena pekerja meninggal dunia, maka pemberi kerja wajib membayar ganti rugi sebesar upah pekerja/buruh sampai batas waktu berakhirnya jangka waktu perjanjian kerja."
2,"Saya membutuhkan pekerja muda berusia 14 tahun untuk mengurus anak saya, kemungkinan akan dipekerjakan selama 12 jam per hari, dengan upah di atas upah minimum. Apakah yang saya lakukan melanggar peraturan?","Menggunakan pekerja muda berusia 14 tahun untuk bekerja selama 12 jam per hari melanggar peraturan yang mengatur bahwa anak yang bekerja hanya boleh bekerja paling lama 3 jam sehari. Selain itu, memberikan upah di atas upah minimum juga melanggar ketentuan yang berlaku yang menyatakan bahwa anak yang bekerja harus menerima upah sesuai dengan ketentuan yang berlaku.","['e. memberlakukan keselamatan dan kesehatan kerja;\nf. adanya hubungan kerja yang jelas;\ng. memberikan upah sesuai dengan ketentuan yang berlaku ( Pasal\n68,69 ).\nDalam hal seorang anak bekerja pada tempat yang sama dengan orang\ndewasa, maka tempat kerja untuk anak harus dipisah ( Pasal 72 ).\nSiapapun dilarang mempekerjakan anak pada pekerjaan-pekerjaan yang\nterburuk, seperti:\na. segala pekerjaan dalam bentuk perbudakan atau sejenisnya;b. segala pekerjaan yang melibatkan pornografi;c. semua pekerjaan yang berkaitan dengan narkoba, dan lain-lain yang\nsejenisnya;\nd. semua pekerjaan yang membahayakan kesehatan, keselamatan, dan/\natau moral anak ( Pasal 74 ).\nB. Pekerja Perempuan\nPasal 76 mengatur bahwa perempuan berusia dibawah 18 tahun tidak\ndiijinkan untuk bekerja antara jam 23.00 – 07.00.  Larangan juga berlakubagi perempuan hamil karena potensi risiko kesehatan. Perusahaan yangmempekerjakan pekerja perempuan pada jam antara 23.00 – 07.00 harus:\nlmemberikan makanan dan minuman bergizi;\nlmenjaga kesusilaan dan keamanan di tempat kerja;\nlmenyediakan angkutan antar jemput.\nC. Jam Kerja\nJam kerja dapat diatur sebagai berikut:\nl7 (tujuh) jam satu hari dan  40 (empat puluh) jam  per mingguuntuk 6 (enam) hari kerja dalam satu minggu, atau\nl8 (delapan) jam per hari dan 40 (empat puluh) jam per mingguuntuk 5 lima) hari dalam satu minggu.\nPekerjaan lembur hanya dapat dilaksanakan dengan syarat bahwa\npekerja/buruh bersangkutan telah menyetujuinya, dan pekerjaan lemburadalah maksimum 3 (tiga) jam dalam satu hari dan 14 (empat belas) jamdalam satu minggu.\n20', '(2) Pengusaha yang mempekerjakan anak pada pekerjaan ringan sebagai-mana dimaksud dalam\nayat (1) ha-rus memenuhi persyaratan :\na. izin tertulis dari orang tua atau wali;\nb. perjanjian kerja antara pengusaha dengan orang tua atau wali;\nc. waktu kerja maksimum 3 (tiga) jam;\nd. dilakukan pada siang hari dan tidak mengganggu waktu sekolah;\ne. keselamatan dan kesehatan kerja;\nf. adanya hubungan kerja yang jelas; dan\ng. menerima upah sesuai dengan ketentuan yang berlaku.\n(3) Ketentuan sebagaimana dimaksud dalam ayat (2) huruf a, b, f, dan g dikecualikan bagi anak yang\nbekerja pada usaha keluarganya.\nPasal 70\n(1) Anak dapat melakukan pekerjaan di tempat kerja yang merupakan bagian dari kurikulum\npendidikan atau pelatihan yang disahkan oleh pejabat yang berwenang.\n(2) Anak sebagaimana dimaksud dalam ayat (1) paling sedikit berumur 14 (empat belas) tahun.\n(3) Pekerjaan sebagaimana dimaksud dalam ayat (1) dapat dilakukan dengan syarat :\na. diberi petunjuk yang jelas tentang cara pelaksanaan pekerjaan serta bimbingan dan\npengawasan dalam melaksanakan pekerjaan; dan\nb. diberi perlindungan keselamatan dan kesehatan kerja.\nPasal 71\n(1) Anak dapat melakukan pekerjaan untuk mengembangkan bakat dan minatnya.\n(2) Pengusaha yang mempekerjakan anak sebagaimana dimaksud dalam ayat (1) wajib memenuhi\nsyarat :\na. di bawah pengawasan langsung dari orang tua atau wali;\nb. waktu kerja paling lama 3 (tiga) jam sehari; dan\nc. kondisi dan lingkungan kerja tidak mengganggu perkembangan fisik, mental, sosial, dan waktu\nsekolah.\n(3) Ketentuan mengenai anak yang bekerja untuk mengembangkan bakat dan minat sebagaimana\ndimaksud dalam ayat (1) dan ayat (2) diatur dengan Keputusan Menteri.\nPasal 72\nDalam hal anak dipekerjakan bersama-sama dengan pekerja/buruh dewasa, maka tempat kerja\nanak harus dipisahkan dari tempat kerja pekerja/buruh dewasa.\nPasal 73\nAnak dianggap bekerja bilamana berada di tempat kerja, kecuali dapat dibuktikan sebaliknya.\nPasal 74\n(1) Siapapun dilarang mempekerjakan dan melibatkan anak pada pekerjaan-pekerjaan yang terburuk.\n(2) Pekerjaan-pekerjaan yang terburuk yang dimaksud dalam ayat (1) meliputi :\na. segala pekerjaan dalam bentuk perbudakan atau sejenisnya;']","Meski anda memberi upah di atas upah minimum, mempekerjakan anak-anak merupakan hal yang dilarang. Ada pengecualian apabila pekerja muda tersebut berusia di antara 13 sampai dengan 15 tahun, untuk dipekerjakan secara ringan tanpa mengganggu perkembangan dan kesehatan fisik, mental, dan sosial. Mempekerjakan 12 jam per hari merupakan pelanggaran, karena hanya diperbolehkan untuk bekerja maksimum 3 jam."
3,"Sanksi atau denda apa yang dapat dikenakan pada pengusaha apabila memberikan perintah kepada saya untuk bekerja di jam 12 malam hingga 5 pagi, sedangkan saya sedang hamil?","Pengusaha dapat dikenakan sanksi administratif berupa peringatan lisan atau tertulis, pembatasan atau pembekuan kegiatan usaha, atau bahkan pencabutan ijin jika memberikan perintah kepada Anda untuk bekerja di jam 12 malam hingga 5 pagi saat sedang hamil.","['Pekerja perempuan berhak memperoleh istirahat selama 1,5 (satu\nsetengah) bulan sebelum saatnya melahirkan anak dan 1,5 (satu setengah)bulan sesudah melahirkan. Pekerja perempuan yang mengalami kegugurankandungan juga berhak memperoleh hak istirahat 1,5 (satu setengah) bulan.\nPekerja yang telah bekerja selama 6 (enam) tahun secara terus-menerus\npada perusahaan yang sama berhak memperoleh hak istirahat selama 2 (dua)bulan yang dilaksanakan pada tahun ketujuh dan kedelapan masing-masing1 (satu) bulan Hak berlaku setiap kelipatan masa kerja 6 (enam) tahun.Istirahat panjang ini hanya berlaku bagi perusahaan-perusahaan tertentuyang diatur oleh menteri.\nD. Keselamatan dan Kesehatan Kerja\nPasal 86 menetapkan bahwa setiap pekerja/buruh mempunyai hak\nuntuk memperoleh perlindungan atas keselamatan dan kesehatan kerja,moral dan kesusilaan, perlakuan yang sesuai dengan harkat dan martabatmanusia serta nilai-nilai agama.  Selanjutnya, setiap pengusaha wajibmenerapkan Sistem Manajemen Keselamatan dan Kesehatan Kerja yangterintegrasi dengan sistem manajemen perusahaan itu ( Pasal 87 ).\nE. Upah\nKetentuan tentang upah diatur secara luas dalam Pasal 88 sampai Pasal\n98. Disebutkan bahwa setiap pekerja/buruh berhak memperoleh penghasilanyang memenuhi penghidupan yang layak bagi kemanusiaan. Pemerintahharus menetapkan kebijakan pengupahan, antara lain, meliputi:\na. upah minimum;\nb. upah kerja lembur;\nc. upah tidak masuk kerja karena berhalangan;d. upah karena menjalankan hak waktu istirahat kerjanya;e. bentuk dan cara pembayaran upah;\nf. struktur dan skala pengupahan yang proporsional;\ng. upah untuk pembayaran pesangon.\nSeorang pengusaha wajib menyusun struktur dan skala upah dengan\nmemperhatikan golongan, jabatan, masa kerja, pendidikan, dan kompetensisetiap kelompok pekerja.  Pengusaha juga harus melakukan peninjauan secara\n21', 'B.  Sanksi Administratif\nMenteri atau pejabat yang ditunjuk dapat menerapkan sangsi\nadministratif dalam bentuk peringatan lisan atau peringatan tertulis,pembatasan atau pembekuan kegiatan  usaha, pembatalan persetujuan ataupembatalan pendaftaran, penghentian sementara sebagian atau seluruh alatproduksi, dan pencabutan ijin.  Sanksi administratif dapat dikenakan kepadasetiap orang yang melanggar ketentuan sebagaimana dimaksud dalam Pasal87 tentang kewajiban untuk memberlakukan sistim manajemen keselamatan\ndan kesehatan kerja, Pasal 106 tentang kewajiban untuk membentuk lembaga\nkerja sama bipartit, Pasal 126(3) tentang pembagian naskah perjanjian kerja\nbersama kepada setiap pekerja, dan Pasal 160(1) (2) tentang bantuan keuangan\nkepada pekerja yang sedang ditahan,  (Pasal 190 ).\n46']","Pengusaha dilarang untuk memperkjakan perempuan yang sedang hamil antara pukul 23:00 sampai dengan pukul 07:00. Apabila dilanggar, sesuai dengan Pasal 187 ayat 1 pada Undang-undang Nomor 13 Tahun 2003 maka pengusaha dapat dikenakan sanksi pidana kurungan paling singkat 1 (satu) bulan dan paling lama 12 (dua belas) bulan dan/atau denda paling sedikit Rp 10.000.000,00 (sepuluh juta rupiah) dan paling banyak Rp 100.000.000,00 (seratus juta rupiah)."
4,"Dalam 1 minggu ini, saya telah melakukan kerja lembur setiap hari, jika ditotal saya telah lembur sebanyak 21 jam pada minggu ini. Pengusaha membayar saya dengan pizza, apakah itu diperbolehkan?","Pengusaha harus membayar upah kerja lembur kepada pekerja jika pekerja telah melakukan lembur. Upah kerja lembur harus sesuai dengan ketentuan yang diatur, yaitu paling banyak 3 jam dalam 1 hari dan 14 jam dalam 1 minggu. Jika pengusaha membayar pekerja dengan pizza sebagai pengganti upah kerja lembur, hal tersebut tidak diperbolehkan sesuai dengan ketentuan yang berlaku.","['(4) Ketentuan mengenai waktu kerja pada sektor usaha atau pekerjaan tertentu sebagaimana\ndimaksud dalam ayat (3) diatur dengan Keputusan Menteri.\nPasal 78\n(1) Pengusaha yang mempekerjakan pekerja/buruh melebihi waktu kerja sebagaimana dimaksud\ndalam Pasal 77 ayat (2) harus memenuhi syarat :\na. ada persetujuan pekerja/buruh yang bersangkutan; dan\nb. waktu kerja lembur hanya dapat dilakukan paling banyak 3 (tiga) jam dalam 1 (satu) hari\ndan 14 (empat belas) jam dalam 1 (satu) minggu.\n(2) Pengusaha yang mempekerjakan pekerja/buruh melebihi waktu kerja sebagaimana dimaksud\ndalam ayat (1) wajib membayar upah kerja lembur.\n(3) Ketentuan waktu kerja lembur sebagaimana dimaksud dalam ayat (1) huruf b tidak berlaku bagi\nsektor usaha atau pekerjaan tertentu.\n(4) Ketentuan mengenai waktu kerja lembur dan upah kerja lembur sebagaimana dimaksud dalam\nayat (2) dan ayat (3) diatur dengan Keputusan Menteri.\nPasal 79\n(1) Pengusaha wajib memberi waktu istirahat dan cuti kepada pekerja/buruh.\n(2) Waktu istirahat dan cuti sebagaimana dimaksud dalam ayat (1), meliputi :\na. istirahat antara jam kerja, sekurang kurangnya setengah jam setelah bekerja selama 4\n(empat) jam terus menerus dan waktu istirahat tersebut tidak termasuk jam kerja;\nb. istirahat mingguan 1 (satu) hari untuk 6 (enam) hari kerja dalam 1 (satu) minggu atau 2\n(dua) hari untuk 5 (lima) hari kerja dalam 1 (satu) minggu;\nc. cuti tahunan, sekurang kurangnya 12 (dua belas) hari kerja setelah pekerja/buruh yang\nbersangkutan bekerja selama 12 (dua belas) bulan secara terus menerus; dan\nd. istirahat panjang sekurang-kurangnya 2 (dua) bulan dan dilaksanakan pada tahun\nketujuh dan kedelapan masing-masing 1 (satu) bulan bagi pekerja/buruh yang telah bekerja\nselama 6 (enam) tahun secara terus-menerus pada perusahaan yang sama dengan ketentuan\npekerja/buruh tersebut tidak berhak lagi atas istirahat tahunannya dalam 2 (dua) tahun berjalan\ndan selanjutnya berlaku untuk setiap kelipatan masa kerja 6 (enam) tahun.\n(3) Pelaksanaan waktu istirahat tahunan sebagaimana dimaksud dalam ayat (2) huruf c diatur dalam\nperjanjian kerja, peraturan perusahaan, atau perjanjian kerja bersama.\n(4) Hak istirahat panjang sebagaimana dimaksud dalam ayat (2) huruf d hanya berlaku bagi\npekerja/buruh yang bekerja pada perusahaan tertentu.\n(5) Perusahaan tertentu sebagaimana dimaksud dalam ayat (4) diatur dengan Keputusan Menteri.\nPasal 80\nPengusaha wajib memberikan kesempatan yang secukupnya kepada pekerja/ buruh untuk\nmelaksanakan ibadah yang diwajibkan oleh agamanya.\nPasal 81\n(1) Pekerja/buruh perempuan yang dalam masa haid merasakan sakit dan memberitahukan kepada\npengusaha, tidak wajib bekerja pada hari pertama dan kedua pada waktu haid.', 'Pembayaran Uang JasaLebih dari 8 tahun Sembilan bulan upahKurang dari 1  tahun Satu bulan upah\nLebih dari 1 th dan kurang dari 2 th Dua bulan upah\nLebih dari 2 th dan kurang dari 3 thn Tiga bulan upah\nLebih dari 3 th dan kurang dari 4 th Empat bulan upah\nLebih dari 4 th dan kurang dari 5 th Lima bulan upah\nLebih dari 5 th dan kurang dari 6 th Enam bulan upah\nLebih dari 6 th dan kurang dari 7 th T ujuh bulan upah\nLebih dari 7 th dan kurang dari 8 th Delapan bulan upahPembayaran Uang Pesangon\n(minimum)Masa Kerja\nMasa Kerja\nTiga th sampai enam th Dua bulan upah\nEnam th sampai sembilan th Tiga bulan upah\nSembilan th sampai dua belas th Empat bulan upah\nDua belas th sampai lima belas th Lima bulan upah\nLima belas th sampai delapan belas th Enam bulan upah\nDelapan belas th s.d dua puluh satu th T ujuh bulan upah\nDua puluh satu s.d dua puluh empat th Delapan bulan upah\nDua puluh empat th atau lebih Sepuluh bulan upahBesarnya jumlah tunjangan (manfaat) keuangan adalah sebagai berikut:\nPembayaran Uang Pesangon\nPembayaran Uang Jasa\n(minimum)\n41']","Apabila hanya diberi pizza, tanpa upah lembur, maka itu telah melanggar peraturan. sesuai dengan Pasal 187 ayat 1 pada Undang-undang Nomor 13 Tahun 2003 pengusaha dapat dikenakan sanksi pidana kurungan paling singkat 1 (satu) bulan dan paling lama 12 (dua belas) bulan dan/atau denda paling sedikit Rp 10.000.000,00 (sepuluh juta rupiah) dan paling banyak Rp 100.000.000,00 (seratus juta rupiah)."
5,Sanksi apa yang dapat dikenakan pada pengusaha yang mempekerjakan pekerjaanya pada hari libur resmi tanpa membayar upah kerja lembur?,"Pengusaha yang mempekerjakan pekerjanya pada hari libur resmi tanpa membayar upah kerja lembur dapat dikenakan sanksi pidana kurungan paling singkat 1 (satu) bulan dan paling lama 12 (dua belas) bulan dan/atau denda paling sedikit Rp. 10,000,000 (sepuluh juta rupiah) dan paling banyak Rp. 100,000,000 (seratus juta rupiah) berdasarkan Pasal 187.","['memberikan kesempatan kepada para pekerja untuk menunaikan ibadah yang\ndiwajibkan agamanya,  Pasal 82 tentang hak istirahat melahirkan, Pasal 90(1)\ntentang upah minimum,  Pasal 143 tentang pencegahan hak mogok kerja,\ndan Pasal 160(4) dan (7) tentang mempekerjakan pekerja kembali yang\ndinyatakan tidak bersalah oleh pengadilan , dan tidak membayar uang\npenghargaan masa kerja, dan imbalan atas hak-hak kepada pekerja yangmengalami pemutusah hubungan kerja  dapat dikenakan pidana penjara paling\nsingkat 1 (satu) tahun dan paling lama 5 (lima) tahun dan/atau denda palingsedikit Rp. 100,000,000 (seratus juta rupiah) dan paling banyakRp.400,000,000  (empat ratus juta rupiah) ( Pasal 185 ).\nBarang siapa melanggar ketentuan sebagaimana dimaksud dalam Pasal\n93(2) tentang pengecualian upah bagi para pekerja yang tidak dapat\nmelakukan pekerjaan,  Pasal 137 dan Pasal 138(1) tentang   mogok kerja\ndapat dikenakan saksi pidana penjara paling singkat 1 (satu) bulan danpaling lama 4 (empat) bulan dan/atau denda paling sedikit Rp. 10,000,000(sepuluh juta rupiah) dan paling banyak Rp.400,000,000 (empat ratus jutarupiah) ( Pasal 186 ).\nBarang siapa melanggar ketentuan sebagaimana dimaksud dalam Pasal\n67(1) tentang perlindungan kepada tenaga kerja penyandang cacat,  Pasal 71(2)\ntentang persyaratan untuk mempekerjakan anak, Pasal 76 tentang pekerja\nperempuan,  Pasal 78(2) tentang pembayaran upah kerja lembur, Pasal 79(1)\n(2) tentang waktu istirahat dan istirahat,  Pasal 85(3) tentang pembayaran\nupah kerja lembur pada waktu hari libur resmi,  dan Pasal 144 tentang\nlarangan bagi perusahaan untuk mengganti pekerja dan memberikan sanksikepada para pekerja yang ikut melakukan  mogok kerja  dapat dikenakan\nsanksi pidana kurungan paling singkat 1 (satu) bulan dan paling lama 12(dua belas) bulan dan/atau denda paling sedikit Rp.10,000,000 (sepuluhjuta rupiah) dan paling banyak  Rp.100,000,000 (seratus juta rupiah) ( Pasal\n187).\nBarang siapa melanggar ketentuan sebagaimana dimaksud dalam Pasal\n63(1) tentang  kewajiban untuk membuat surat pengangkatan dalam\nperjanjian kerja waktu tidak tertentu yang dibuat secara lisan,  Pasal 78(1)\ntentang persyaratan waktu kerja lembur, Pasal 108(1) tentang kewajiban\nmembuat peraturan perusahaan, Pasal 111(3) tentang pembaharuan peraturan\nperusahaan,  dan Pasal 148 tentang pemberitahuan tertulis mengenai\npenutupan perusahaan, dikenakan sanksi pidana denda paling sedikit\nRp.5,000,000 – (lima juta rupiah) dan paling banyak Rp.50,000,000 –(lima puluh juta rupiah) ( Pasal 188 ).\n45', 'B.  Sanksi Administratif\nMenteri atau pejabat yang ditunjuk dapat menerapkan sangsi\nadministratif dalam bentuk peringatan lisan atau peringatan tertulis,pembatasan atau pembekuan kegiatan  usaha, pembatalan persetujuan ataupembatalan pendaftaran, penghentian sementara sebagian atau seluruh alatproduksi, dan pencabutan ijin.  Sanksi administratif dapat dikenakan kepadasetiap orang yang melanggar ketentuan sebagaimana dimaksud dalam Pasal87 tentang kewajiban untuk memberlakukan sistim manajemen keselamatan\ndan kesehatan kerja, Pasal 106 tentang kewajiban untuk membentuk lembaga\nkerja sama bipartit, Pasal 126(3) tentang pembagian naskah perjanjian kerja\nbersama kepada setiap pekerja, dan Pasal 160(1) (2) tentang bantuan keuangan\nkepada pekerja yang sedang ditahan,  (Pasal 190 ).\n46']","Sesuai dengan Pasal 187 ayat 1 pada Undang-undang Nomor 13 Tahun 2003, pengusaha dapat dikenakan sanksi pidana kurungan paling singkat 1 (satu) bulan dan paling lama 12 (dua belas) bulan dan/atau denda paling sedikit Rp 10.000.000,00 (sepuluh juta rupiah) dan paling banyak Rp 100.000.000,00 (seratus juta rupiah)."
6,"Apabila pekerja tidak bekerja karena menikahkan anaknya, apakah tetap berhak mendapatkan upah?",Pekerja yang tidak bekerja karena menikahkan anaknya tetap berhak mendapatkan upah.,"['berkala dengan memperhatikan kemampuan dan produktivitas perusahaan.\nUpah tidak akan dibayar jika pekerja/buruh tidak melakukan\npekerjaannya. Pengecualian, antara lain, adalah:\na. pekerja/buruh dalam keadaan sakit;\nb. Keluhan yang dialami pekerja perempuan pada hari pertama dan\nkedua waktu menstruasi;\nc. pekerja/buruh yang menikah (3 hari), anaknya  laki-laki/perempuan\nmenikah, sunatan bagi anak laki-lakinya, pembabtisan bagi anaklaki-laki/perempuan , isteri melahirkan atau mengalami keguguran,\nkematian suami/isteri anak/orangtua/mertua dari pekerja (2 hariuntuk setiap kejadian), kematian anggota keluarga yang tinggal didalam rumah yang sama (1 hari);\nd. pekerja/buruh sedang melakukan kewajiban (tugas) negara;\ne. pekerja/buruh melakukan kewajiban agama.\nPermintaan pembayaran upah para pekerja dan pembayaran lainnya\nkadaluarsa setelah dua tahun.\n22', 'Pekerja perempuan berhak memperoleh istirahat selama 1,5 (satu\nsetengah) bulan sebelum saatnya melahirkan anak dan 1,5 (satu setengah)bulan sesudah melahirkan. Pekerja perempuan yang mengalami kegugurankandungan juga berhak memperoleh hak istirahat 1,5 (satu setengah) bulan.\nPekerja yang telah bekerja selama 6 (enam) tahun secara terus-menerus\npada perusahaan yang sama berhak memperoleh hak istirahat selama 2 (dua)bulan yang dilaksanakan pada tahun ketujuh dan kedelapan masing-masing1 (satu) bulan Hak berlaku setiap kelipatan masa kerja 6 (enam) tahun.Istirahat panjang ini hanya berlaku bagi perusahaan-perusahaan tertentuyang diatur oleh menteri.\nD. Keselamatan dan Kesehatan Kerja\nPasal 86 menetapkan bahwa setiap pekerja/buruh mempunyai hak\nuntuk memperoleh perlindungan atas keselamatan dan kesehatan kerja,moral dan kesusilaan, perlakuan yang sesuai dengan harkat dan martabatmanusia serta nilai-nilai agama.  Selanjutnya, setiap pengusaha wajibmenerapkan Sistem Manajemen Keselamatan dan Kesehatan Kerja yangterintegrasi dengan sistem manajemen perusahaan itu ( Pasal 87 ).\nE. Upah\nKetentuan tentang upah diatur secara luas dalam Pasal 88 sampai Pasal\n98. Disebutkan bahwa setiap pekerja/buruh berhak memperoleh penghasilanyang memenuhi penghidupan yang layak bagi kemanusiaan. Pemerintahharus menetapkan kebijakan pengupahan, antara lain, meliputi:\na. upah minimum;\nb. upah kerja lembur;\nc. upah tidak masuk kerja karena berhalangan;d. upah karena menjalankan hak waktu istirahat kerjanya;e. bentuk dan cara pembayaran upah;\nf. struktur dan skala pengupahan yang proporsional;\ng. upah untuk pembayaran pesangon.\nSeorang pengusaha wajib menyusun struktur dan skala upah dengan\nmemperhatikan golongan, jabatan, masa kerja, pendidikan, dan kompetensisetiap kelompok pekerja.  Pengusaha juga harus melakukan peninjauan secara\n21']","Pekerja yang tidak bekerja disebabkan sedang menikahkan anaknya berhak diupah sesuai pasal 93 ayat 2. Besarannya 2 hari upah, sesuai yang diatur pada pasal 93 ayat 4."
7,"Apabila perusahaan pailit, apakah saya tetap berhak mendapatkan upah dan hak-hak jaminan sosial lainnya?","If the company goes bankrupt, you are still entitled to receive your wages and other social security rights as stipulated by the labor laws and regulations.","['tindakan yang bertentangan dengan peraturan perundang-\nundangan;\nc. tidak membayar upah tepat waktu selama waktu tiga bulan atau\nlebih secara berturut-turut;\nd. tidak memenuhi kewajibannya yang sudah dijanjikan kepada\npekerja;\ne. tidak memberi perintah kepada pekerja untuk melaksanakan\ntugasnya yang tidak tercantum dalam perjanjian kerja;\nf. telah memberi perintah kerja kepada pekerja untuk melaksanakan\npekerjaan yang membahayakan, keselamatan, atau kesehatan dankesusilaan dari pekerja yang bersangkutan dan pekerjaan tersebuttidak termasuk dalam perjanjian kerja.\nUntuk jenis pemutusan hubungan kerja seperti ini, pekerja/buruh\nberhak memperoleh pembayaran dua kali uang pesangon,pembayaran uang jasa, dan pembayaran uang penggantian hak.Apabila Lembaga PPHI menyatakan bahwa perusahaan tidakmelakukan tindakan yang dituduhkan, pengusaha dapat melakukanpemutusan hubungan kerja dengan pekerja tersebut tanpa disertaipenetapan dari Lembaga PPHI dan pekerja tersebut tidak berhakmenerima pembayaran uang pesangon dan pembayaran uang jasa.\nc. Pembayaran Uang Pesangon, Kompensasi dan Bantuan\nKeuangan Lainnya\nPasal 156 Undang-undang ini memberi petunjuk atas  tunjangan yang\ndiperoleh para pekerja dari perusahaan dalam  hal terjadi pemutusanhubungan kerja. Pembayaran-pembayaran ini dapat dibagi kedalamempat kelompok:\ni. Uang Pesangon;ii. Penghargaan Masa Kerja;iii. Penggantian Hak;\niv. T unjangan yang lain.\n40', 'Pasal 163\n(1) Pengusaha dapat melakukan pemutusan hubungan kerja terhadap pekerja/buruh dalam hal terjadi\nperu-bahan status, penggabungan, peleburan, atau perubahan kepemilikan perusahaan dan\npekerja/buruh tidak bersedia melanjutkan hubungan kerja, maka pekerja/buruh berhak atas uang\npesangon sebesar 1 (satu) kali sesuai ketentuan Pasal 156 ayat (2), uang perhargaan masa\nkerja 1 (satu) kali ketentuan Pasal 156 ayat (3) dan uang penggantian hak sesuai ketentuan\ndalam Pasal 156 ayat (4).\n(2) Pengusaha dapat melakukan pemutusan hubungan kerja terhadap pekerja/buruh karena\nperubahan status, penggabungan, atau peleburan perusahaan, dan pengusaha tidak bersedia\nmenerima pekerja/buruh di perusahaannya, maka pekerja/buruh berhak atas uang pesangon\nsebesar 2 (dua) kali ketentuan Pasal 156 ayat (2), uang penghargaan masa kerja 1 (satu) kali']",Bagi perusahaan yang pailit upah dan hak-hak lainnya yang dimiliki pekerja/buruh akan menjadi utang yang didahulukan pembayarannya oleh pengusaha.
8,"Dalam hubungan industrial, apa fungsi dari pengusaha?","Dalam hubungan industrial, fungsi dari pengusaha adalah menciptakan kemitraan, mengembangkan usaha, memperluas lapangan kerja, dan memberikan kesejahteraan pekerja/buruh secara terbuka, demokratis, dan berkeadilan.","['Umum\nPasal 102\n(1) Dalam melaksanakan hubungan industrial, pemerintah mempunyai fungsi menetapkan kebijakan,\nmemberikan pelayanan, melaksanakan pengawasan, dan melakukan penindakan terhadap\npelanggaran peraturan perundang-undangan ketenagakerjaan.\n(2) Dalam melaksanakan hubungan industrial, pekerja/buruh dan serikat pekerja/serikat buruhnya\nmempunyai fungsi menjalankan pekerjaan sesuai dengan kewajibannya, menjaga ketertiban\ndemi kelangsungan produksi, menyalurkan aspirasi secara demokratis, mengembangkan\nketerampilan, dan keahliannya serta ikut memajukan perusahaan dan memperjuangkan\nkesejahteraan anggota beserta keluarganya.\n(3) Dalam melaksanakan hubungan industrial, pengusaha dan organisasi pengusahanya mempunyai\nfungsi menciptakan kemitraan, mengembang-kan usaha, memperluas lapangan kerja, dan\nmemberikan kesejahteraan pekerja/buruh secara terbuka, demokratis, dan berkeadilan.\nPasal 103\nHubungan Industrial dilaksanakan melalui sarana :\na. serikat pekerja/serikat buruh;\nb. organisasi pengusaha;\nc. lembaga kerja sama bipartit;\nd. embaga kerja sama tripartit;\ne. peraturan perusahaan;\nf. perjanjian kerja bersama;\ng. peraturan perundang-undangan ketenagakerjaan; dan\nh. lembaga penyelesaian perselisihan hubungan industrial.\nBagian Kedua\nSerikat Pekerja/Serikat Buruh\nPasal 104\n(1) Setiap pekerja/buruh berhak membentuk dan menjadi anggota serikat pekerja/serikat buruh.\n(2) Dalam melaksanakan fungsi sebagaimana dimaksud dalam Pasal 102, serikat pekerja/serikat\nburuh ber-hak menghimpun dan mengelola keuangan serta mempertanggungjawabkan\nkeuangan organisasi termasuk dana mogok.\n(3) Besarnya dan tata cara pemungutan dana mogok sebagaimana dimaksud dalam ayat (2) diatur\ndalam ang-garan dasar dan/atau anggaran rumah tangga serikat pekerja/serikat buruh yang\nbersangkutan.\nBagian Ketiga\nOrganisasi Pengusaha\nPasal 105\n(1) Setiap pengusaha berhak membentuk dan menjadi anggota organisasi pengusaha.', 'A. Pengantar\nBab XI Undang-undang Ketenagakerjaan mengatur tentang hubungan\nindustrial.  Ketentuan itu menjelaskan peranan pemerintah, para pekerja,dan pengusaha dalam melaksanakan hubungan industrial.  Undang-undangini juga mengatur hak-hak dasar pengusaha dan pekerja/buruh, seperti:\nlHak untuk membentuk dan menjadi anggota serikat pekerja/serikatburuh (hak pekerja);\nlHak untuk melakukan aksi mogok (hak pekerja);\nlHak untuk membentuk dan menjadi anggota organisasi pengusaha(hak pengusaha);\nlHak untuk menutup perusahaan (hak perusahaan).\nMenurut Pasal 103, hubungan industrial akan dilaksanakan melalui\nsarana:\na. Serikat pekerja/serikat buruh;\nb. Organisasi pengusaha;\nc. Lembaga kerja sama bipartit;d. Lembaga kerja sama tripartit;e. Peraturan perusahaan;\nf. Perjanjian kerja bersama;\ng. Peraturan perundang-undangan ketenagakerjaan;h. Lembaga penyelesaian perselisihan hubungan industrial.\nDalam melaksanakan hubungan industrial, pekerja/buruh dan serikatVI.  Hubungan Industrial\n23']","Pengusaha mempunyai fungsi menciptakan kemitraan, mengembangkan usaha, memperluas lapangan kerja, dan memberikan kesejahteraan pekerja secara terbuka, demokratis, dan berkeadilan."
9,Apakah serikat pekerja merupakan unsur yang termasuk dalam lembaga kerja sama bipartit?,"Yes, labor unions are one of the elements included in the bipartite cooperation institution.","['Pembentukan lembaga ini diwajibkan dalam setiap perusahaan yang\nmempekerjakan 50 (lima puluh) pekerja atau lebih.  Susunan keanggotanLembaga Kerja Sama Bipartit terdiri dari unsur pengusaha dan unsurpekerja/buruh. Pekerja/buruh perusahaan secara demokratis menunjukperwakilan mereka untuk mewakili kepentingan pekerja/buruh ( Pasal\n106).\nb. Lembaga Kerja sama Tripartit\nTidak seperti Lembaga Kerja sama Bipartit, Lembaga Kerja sama Tripartit\nditetapkan pada tingkat kabupaten/kota, propinsi, serta tingkat nasional.Susunan keanggotaan lembaga ini terdiri dari 3 (tiga) unsur yaitu unsurpemerintah, pengusaha, dan serikat pekerja.  Berdasarkan Pasal 107,lembaga kerja sama tripartit berfungsi menyediakan forum proseskomunikasi yang berkesinambungan diantara ketiga pihak untukmemberikan pertimbangan, saran, dan pendapat kepada pemerintahuntuk menyusun peraturan perundang-undangan yang baru  danmenetapkan kebijakan untuk menyelesaikan masalah-masalahketenagakerjaan ( Pasal 107 ).\nE. Peraturan Perusahaan\nStandar dan persyaratan untuk peraturan perusahaan secara khusus\ndimuat dalam Pasal-Pasal 108-115. Pasal-pasal tersebut adalah mengatursyarat kerja (hak dan kewajiban pekerja/buruh dan pengusaha). Peraturanperusahaan adalah dokumen yang disusun oleh dan menjadi tanggung jawabdari pengusaha yang mempekerjakan 10 (sepuluh) pekerja atau lebih untukmemiliki peraturan perusahaan ( Pasal 108 ).\nDalam proses penyusunan peraturan perusahaan manajemen atau\npengusaha harus mengadakan konsultasi dengan perwakilan pekerja/buruhatau serikat kerja/serikat buruh. Berdasarkan Pasal 111(1), peraturanperusahaan sekurang-kurangnya memuat hal-hal berikut:\na.  Hak dan kewajiban pengusaha;b.  Hak dan kewajiban pekerja/buruh;c.  Syarat kerja;\nd. Tata tertib perusahaan;\ne. Jangka waktu berlakunya peraturan perusahaan.\n25', '(2) Ketentuan mengenai organisasi pengusaha diatur sesuai dengan peraturan perundang-undangan\nyang ber-laku.\nBagian Keempat\nLembaga Kerja Sama Bipartit\nPasal 106\n(1) Setiap perusahaan yang mempekerjakan 50 (lima puluh) orang pekerja/ buruh atau lebih wajib\nmembentuk lembaga kerja sama bipartit.\n(2) Lembaga kerja sama bipartit sebagaimana dimaksud dalam ayat (1) berfungsi sebagai forum\nkomunikasi, dan konsultasi mengenai hal ketenagakerjaan di perusahaan.\n(3) Susunan keanggotaan lembaga kerja sama bipartit sebagaimana dimaksud dalam ayat (2) terdiri\ndari unsur pengusaha dan unsur pekerja/buruh yang ditunjuk oleh pekerja/buruh secara\ndemokratis untuk mewakili kepentingan pekerja/buruh di perusahaan yang bersangkutan.\n(4) Ketentuan mengenai tata cara pembentukan dan susunan keanggotaan lembaga kerja sama\nbipartit sebagaimana dimaksud dalam ayat (1) dan ayat (3) diatur dengan Keputusan Menteri.\nBagian Kelima\nLembaga Kerja Sama Tripartit\nPasal 107\n(1) Lembaga kerja sama tripartit memberikan pertimbangan, saran, dan pendapat kepada pemerintah\ndan pihak terkait dalam penyusunan kebijakan dan pemecahan masalah ketenagakerjaan.\n(2) Lembaga Kerja sama Tripartit sebagaimana dimaksud dalam ayat (1), terdiri dari :\na. Lembaga Kerja sama Tripartit Nasional, Provinsi, dan Kabupaten/ Kota; dan\nb. Lembaga Kerja sama Tripartit Sektoral Nasional, Provinsi, dan Kabupaten/Kota.\n(3) Keanggotaan Lembaga Kerja sama Tripartit terdiri dari unsur pemerintah, organisasi pengusaha,\ndan seri-kat pekerja/serikat buruh.\n(4) Tata kerja dan susunan organisasi Lembaga Kerja sama Tripartit sebagaimana dimaksud dalam\nayat (1) diatur dengan Peraturan Pemerintah.\nBagian Keenam\nPeraturan Perusahaan\nPasal 108\n(1) Pengusaha yang mempekerjakan pekerja/buruh sekurang-kurangnya 10 (sepuluh) orang wajib\nmembuat peraturan perusahaan yang mulai berlaku setelah disahkan oleh Menteri atau pejabat\nyang ditunjuk.\n(2) Kewajiban membuat peraturan perusahaan sebagaimana dimaksud dalam ayat (1) tidak berlaku\nbagi peru-sahaan yang telah memiliki perjanjian kerja bersama.\nPasal 109']","Tidak. Unsur serikat pekerja ada di dalam lembaga kerja sama tripartit, bersama dengan unsur pemerintah dan organisasi pengusaha, sesuai dengan pasal 107 ayat 3. Pada lembaga kerja sama bipartit terdiri dari unsur pengusaha dan unsur pekerja/buruh yang ditunjuk oleh pekerja/buruh secara demokratis untuk mewakili kepentingan pekerja/buruh di perusahaan yang bersangkutan, sesuai dengan pasal 106 ayat 3."
10,Sanksi apa yang akan dikenakan pada pengusaha yang mengganti pekerja mogok dengan pekerja dari luar?,Pengusaha yang mengganti pekerja/buruh yang mogok kerja dengan pekerja/buruh lain dari luar perusahaan akan dikenakan sanksi berupa larangan.,"['sakit, pemadam kebakaran, pengatur lalu lintas udara, penjaga pintu\nair, penjaga perlintasan rel kereta api, dan pengawas penyeberangan laut.\nc. Hal-hal yang Dilarang Ketika Melakukan Aksi Mogok\ni. Bagi pengusaha:\nPengusaha dilarang mengganti pekerja/buruh yang mogok kerja\ndengan pekerja/buruh lain dari luar perusahaan atau memberikansanksi atau tindakan balasan dalam bentuk apapun kepada pekerja/buruh dan/atau serikat pekerja/serikat buruh selama dan sesudahmelakukan mogok kerja.  ( Pasal 144 ).\nii. Bagi Pihak Lain\nSiapapun tidak diijinkan untuk menghalang-halangi pekerja/buruh\nuntuk menggunakan hak mogok kerja yang dilakukan secara sah,tertib dan damai. Juga tidak diijinkan melakukan  penangkapandan/atau penahanan terhadap pekerja/buruh dan pengurus serikatpekerja/serikat buruh yang melakukan mogok kerja secara sah, tertib,dan damai sesuai dengan perundang-undangan yang berlaku. ( Pasal\n143).\nd. Upah Ketika Melakukan Mogok Kerja\nPengusaha harus membayar upah pekerja/buruh ketika mereka\nmelakukan mogok kerja dengan ketentuan bahwa mogok kerjadilakukan untuk tuntutan hak normatif, seperti pengusaha melanggarundang-undang dan peraturan perundang-undangan ketenagakerjaan,perjanjian kerja, peraturan perusahaan, atau perjanjian kerja bersama(Pasal 145 ).\n32', 'a. mengganti pekerja/buruh yang mogok kerja dengan pekerja/buruh lain dari luar\nperusahaan; atau\nb. memberikan sanksi atau tindakan balasan dalam bentuk apapun kepada pekerja/buruh\ndan pengurus serikat pekerja/serikat buruh selama dan sesudah melakukan mogok kerja.\nPasal 145\nDalam hal pekerja/buruh yang melakukan mogok kerja secara sah dalam melakukan tuntutan\nhak normatif yang sungguh-sungguh dilanggar oleh pengusaha, pekerja/buruh berhak\nmendapatkan upah.\nParagraf 3\nPenutupan Perusahaan (lock-out)\nPasal 146\n(1) Penutupan perusahaan (lock out) merupakan hak dasar pengusaha untuk menolak pekerja/buruh\nsebagian atau seluruhnya untuk menjalankan pekerjaan sebagai akibat gagalnya perundingan.\n(2) Pengusaha tidak dibenarkan melakukan penutupan perusahaan (lock out) sebagai tindakan\nbalasan sehubungan adanya tuntutan normatif dari pekerja/buruh dan/atau serikat pekerja/serikat\nburuh.\n(3) Tindakan penutupan perusahaan (lock out) harus dilakukan sesuai dengan ketentuan hukum yang\nberlaku.\nPasal 147\nPenutupan perusahaan (lock out) dilarang dilakukan pada perusahaan-perusahaan yang\nmelayani kepentingan umum dan/atau jenis kegiatan yang membahayakan keselamatan jiwa\nmanusia, meliputi rumah sakit, pelayanan jaringan air bersih, pusat pengendali telekomunikasi,\npusat penyedia tenaga listrik, pengolahan minyak dan gas bumi, serta kereta api.\nPasal 148\n(1) Pengusaha wajib memberitahukan secara tertulis kepada pekerja/buruh dan/atau serikat\npekerja/serikat buruh, serta instansi yang bertanggung jawab di bidang ketenagakerjaan\nsetempat sekurang-kurangnya 7 (tujuh) hari kerja sebelum penutupan perusahaan (lock out)\ndilaksanakan.\n(2) Pemberitahuan sebagaimana dimaksud dalam ayat (1) sekurang-kurangnya memuat :\na. waktu (hari, tanggal, dan jam) dimulai dan diakhiri penutupan perusahaan (lock out); dan\nb. alasan dan sebab-sebab melakukan penutupan perusahaan (lock out).\n(3) Pemberitahuan sebagaimana dimaksud dalam ayat (1) ditandatangani oleh pengusaha dan/atau\npimpinan perusahaan yang bersangkutan.\nPasal 149\n(1) Pekerja/buruh atau serikat pekerja/serikat buruh dan instansi yang bertanggung jawab di bidang\nketenaga-kerjaan yang menerima secara langsung surat pemberitahuan penutupan perusahaan\n(lock out) sebagaimana dimaksud dalam Pasal 148 harus memberikan tanda bukti penerimaan\ndengan mencantumkan hari, tanggal, dan jam penerimaan.']","Berdasarkan pasal 144 ayat 1, pengusaha dilarang mengganti pekerja mogok denga pekerja dari luar perusahaan. Sesuai dengan Pasal 187 ayat 1 pada Undang-undang Nomor 13 Tahun 2003, pengusaha dapat dikenakan sanksi pidana kurungan paling singkat 1 (satu) bulan dan paling lama 12 (dua belas) bulan dan/atau denda paling sedikit Rp 10.000.000,00 (sepuluh juta rupiah) dan paling banyak Rp 100.000.000,00 (seratus juta rupiah)."
11,"Apabila saya diberhentikan setelah bekerja selama 3 tahun 9 bulan, berapa uang pesangon yang berhak saya dapatkan?",Anda berhak menerima uang pesangon sebesar 10 bulan upah jika Anda diberhentikan setelah bekerja selama 3 tahun 9 bulan.,"['Pekerja perempuan berhak memperoleh istirahat selama 1,5 (satu\nsetengah) bulan sebelum saatnya melahirkan anak dan 1,5 (satu setengah)bulan sesudah melahirkan. Pekerja perempuan yang mengalami kegugurankandungan juga berhak memperoleh hak istirahat 1,5 (satu setengah) bulan.\nPekerja yang telah bekerja selama 6 (enam) tahun secara terus-menerus\npada perusahaan yang sama berhak memperoleh hak istirahat selama 2 (dua)bulan yang dilaksanakan pada tahun ketujuh dan kedelapan masing-masing1 (satu) bulan Hak berlaku setiap kelipatan masa kerja 6 (enam) tahun.Istirahat panjang ini hanya berlaku bagi perusahaan-perusahaan tertentuyang diatur oleh menteri.\nD. Keselamatan dan Kesehatan Kerja\nPasal 86 menetapkan bahwa setiap pekerja/buruh mempunyai hak\nuntuk memperoleh perlindungan atas keselamatan dan kesehatan kerja,moral dan kesusilaan, perlakuan yang sesuai dengan harkat dan martabatmanusia serta nilai-nilai agama.  Selanjutnya, setiap pengusaha wajibmenerapkan Sistem Manajemen Keselamatan dan Kesehatan Kerja yangterintegrasi dengan sistem manajemen perusahaan itu ( Pasal 87 ).\nE. Upah\nKetentuan tentang upah diatur secara luas dalam Pasal 88 sampai Pasal\n98. Disebutkan bahwa setiap pekerja/buruh berhak memperoleh penghasilanyang memenuhi penghidupan yang layak bagi kemanusiaan. Pemerintahharus menetapkan kebijakan pengupahan, antara lain, meliputi:\na. upah minimum;\nb. upah kerja lembur;\nc. upah tidak masuk kerja karena berhalangan;d. upah karena menjalankan hak waktu istirahat kerjanya;e. bentuk dan cara pembayaran upah;\nf. struktur dan skala pengupahan yang proporsional;\ng. upah untuk pembayaran pesangon.\nSeorang pengusaha wajib menyusun struktur dan skala upah dengan\nmemperhatikan golongan, jabatan, masa kerja, pendidikan, dan kompetensisetiap kelompok pekerja.  Pengusaha juga harus melakukan peninjauan secara\n21', 'h. masa kerja 24 (dua puluh empat) tahun atau lebih, 10 (sepuluh ) bulan upah.\n(4) Uang penggantian hak yang seharusnya diterima sebagaimana dimaksud dalam ayat (1) meliputi :\na. cuti tahunan yang belum diambil dan belum gugur;\nb. biaya atau ongkos pulang untuk pekerja/buruh dan keluarganya ketempat dimana\npekerja/buruh diterima bekerja;\nc. penggantian perumahan serta pengobatan dan perawatan ditetapkan 15% (lima belas\nperseratus) dari uang pesangon dan/atau uang penghargaan masa kerja bagi yang memenuhi\nsyarat;\nd. hal-hal lain yang ditetapkan dalam perjanjian kerja, peraturan perusahaan atau perjanjian\nkerja bersama.\n(5) Perubahan perhitungan uang pesangon, perhitungan uang penghargaan masa kerja, dan uang\npenggantian hak sebagaimana dimaksud dalam ayat (2), ayat (3), dan ayat (4) ditetapkan\ndengan Peraturan Pemerintah.\nPasal 157\n(1) Komponen upah yang digunakan sebagai dasar perhitungan uang pesangon, uang penghargaan\nmasa kerja, dan uang pengganti hak yang seharusnya diterima yang tertunda, terdiri atas :\na. upah pokok;\nb. segala macam bentuk tunjangan yang bersifat tetap yang diberikan kepada\npekerja/buruh dan keluarganya, termasuk harga pembelian dari catu yang diberikan kepada\npekerja/buruh secara cuma-cuma, yang apabila catu harus dibayar pekerja/buruh dengan\nsubsidi, maka sebagai upah dianggap selisih antara harga pembelian dengan harga yang harus\ndibayar oleh pekerja/buruh.\n(2) Dalam hal penghasilan pekerja/buruh dibayarkan atas dasar perhitungan harian, maka\npenghasilan sebulan adalah sama dengan 30 kali penghasilan sehari.\n(3) Dalam hal upah pekerja/buruh dibayarkan atas dasar perhitungan satuan hasil,\npotongan/borongan atau komisi, maka penghasilan sehari adalah sama dengan pendapatan rata-\nrata per hari selama 12 (dua belas) bulan terakhir, dengan ketentuan tidak boleh kurang dari\nketentuan upah minimum provinsi atau kabupaten/kota.\n(4) Dalam hal pekerjaan tergantung pada keadaan cuaca dan upahnya didasarkan pada upah\nborongan, maka perhitungan upah sebulan dihitung dari upah rata-rata 12 (dua belas) bulan\nterakhir.\nPasal 158\n(1) Pengusaha dapat memutuskan hubungan kerja terhadap pekerja/buruh dengan alasan\npekerja/buruh telah melakukan kesalahan berat sebagai berikut :\na. melakukan penipuan, pencurian, atau penggelapan barang dan/atau uang milik\nperusahaan;\nb. memberikan keterangan palsu atau yang dipalsukan sehingga merugikan perusahaan;\nc. mabuk, meminum minuman keras yang memabukkan, memakai dan/atau mengedarkan\nnarkotika, psikotropika, dan zat adiktif lainnya di lingkungan kerja;\nd. melakukan perbuatan asusila atau perjudian di lingkungan kerja;\ne. menyerang, menganiaya, mengancam, atau mengintimidasi teman sekerja atau\npengusaha di lingkungan kerja;\nf. membujuk teman sekerja atau pengusaha untuk melakukan perbuatan yang\nbertentangan dengan peraturan perundang-undangan;']","Berdasarkan pasal 156 ayat 2, pekerja yang telah diberhentikan setelah bekerja selama 3 tahun atau lebih tetapi kurang dari 4 tahun, berhak mendapatkan uang pesangon sebesar 4 bulan upah."
